--
-- PostgreSQL database dump
--

\restrict HCHO81NwunALucYCrx8eZJIflivo6YvRTuD6cjwctzOdhmQ6I8eqMRJIHPrP5dK

-- Dumped from database version 14.20 (Homebrew)
-- Dumped by pg_dump version 14.20 (Homebrew)

SET statement_timeout = 0;
SET lock_timeout = 0;
SET idle_in_transaction_session_timeout = 0;
SET client_encoding = 'UTF8';
SET standard_conforming_strings = on;
SELECT pg_catalog.set_config('search_path', '', false);
SET check_function_bodies = false;
SET xmloption = content;
SET client_min_messages = warning;
SET row_security = off;

SET default_tablespace = '';

SET default_table_access_method = heap;

--
-- Name: animaux; Type: TABLE; Schema: public; Owner: dan
--

CREATE TABLE public.animaux (
    id integer NOT NULL,
    proprietaire_id integer NOT NULL,
    nom character varying(100) NOT NULL,
    espece character varying(50) NOT NULL,
    race character varying(100),
    sexe character varying(1),
    date_naissance date,
    poids numeric(5,2),
    allergies text,
    comportement text,
    alerte_risque text,
    CONSTRAINT animaux_sexe_check CHECK (((sexe)::bpchar = ANY (ARRAY['M'::bpchar, 'F'::bpchar])))
);


ALTER TABLE public.animaux OWNER TO dan;

--
-- Name: animaux_id_seq; Type: SEQUENCE; Schema: public; Owner: dan
--

CREATE SEQUENCE public.animaux_id_seq
    AS integer
    START WITH 1
    INCREMENT BY 1
    NO MINVALUE
    NO MAXVALUE
    CACHE 1;


ALTER TABLE public.animaux_id_seq OWNER TO dan;

--
-- Name: animaux_id_seq; Type: SEQUENCE OWNED BY; Schema: public; Owner: dan
--

ALTER SEQUENCE public.animaux_id_seq OWNED BY public.animaux.id;


--
-- Name: animaux_id_seq1; Type: SEQUENCE; Schema: public; Owner: dan
--

ALTER TABLE public.animaux ALTER COLUMN id ADD GENERATED BY DEFAULT AS IDENTITY (
    SEQUENCE NAME public.animaux_id_seq1
    START WITH 1
    INCREMENT BY 1
    NO MINVALUE
    NO MAXVALUE
    CACHE 1
);


--
-- Name: consultations; Type: TABLE; Schema: public; Owner: dan
--

CREATE TABLE public.consultations (
    id integer NOT NULL,
    animal_id integer NOT NULL,
    veterinaire_id integer,
    rendez_vous_id integer,
    motif text,
    observations text,
    diagnostic text,
    actes_realises text,
    date_consultation timestamp without time zone NOT NULL
);


ALTER TABLE public.consultations OWNER TO dan;

--
-- Name: consultations_id_seq; Type: SEQUENCE; Schema: public; Owner: dan
--

CREATE SEQUENCE public.consultations_id_seq
    AS integer
    START WITH 1
    INCREMENT BY 1
    NO MINVALUE
    NO MAXVALUE
    CACHE 1;


ALTER TABLE public.consultations_id_seq OWNER TO dan;

--
-- Name: consultations_id_seq; Type: SEQUENCE OWNED BY; Schema: public; Owner: dan
--

ALTER SEQUENCE public.consultations_id_seq OWNED BY public.consultations.id;


--
-- Name: consultations_id_seq1; Type: SEQUENCE; Schema: public; Owner: dan
--

ALTER TABLE public.consultations ALTER COLUMN id ADD GENERATED BY DEFAULT AS IDENTITY (
    SEQUENCE NAME public.consultations_id_seq1
    START WITH 1
    INCREMENT BY 1
    NO MINVALUE
    NO MAXVALUE
    CACHE 1
);


--
-- Name: factures; Type: TABLE; Schema: public; Owner: dan
--

CREATE TABLE public.factures (
    id integer NOT NULL,
    proprietaire_id integer NOT NULL,
    consultation_id integer,
    montant_total numeric(10,2) NOT NULL,
    montant_paye numeric(10,2) DEFAULT 0 NOT NULL,
    statut character varying(20) NOT NULL,
    mode_paiement character varying(50),
    date_facture timestamp without time zone DEFAULT CURRENT_TIMESTAMP NOT NULL,
    notes text,
    CONSTRAINT factures_montant_paye_check CHECK ((montant_paye >= (0)::numeric)),
    CONSTRAINT factures_montant_total_check CHECK ((montant_total >= (0)::numeric)),
    CONSTRAINT factures_statut_check CHECK (((statut)::text = ANY ((ARRAY['paye'::character varying, 'impaye'::character varying, 'partiel'::character varying])::text[])))
);


ALTER TABLE public.factures OWNER TO dan;

--
-- Name: factures_id_seq; Type: SEQUENCE; Schema: public; Owner: dan
--

CREATE SEQUENCE public.factures_id_seq
    AS integer
    START WITH 1
    INCREMENT BY 1
    NO MINVALUE
    NO MAXVALUE
    CACHE 1;


ALTER TABLE public.factures_id_seq OWNER TO dan;

--
-- Name: factures_id_seq; Type: SEQUENCE OWNED BY; Schema: public; Owner: dan
--

ALTER SEQUENCE public.factures_id_seq OWNED BY public.factures.id;


--
-- Name: factures_id_seq1; Type: SEQUENCE; Schema: public; Owner: dan
--

ALTER TABLE public.factures ALTER COLUMN id ADD GENERATED BY DEFAULT AS IDENTITY (
    SEQUENCE NAME public.factures_id_seq1
    START WITH 1
    INCREMENT BY 1
    NO MINVALUE
    NO MAXVALUE
    CACHE 1
);


--
-- Name: lignes_facture; Type: TABLE; Schema: public; Owner: dan
--

CREATE TABLE public.lignes_facture (
    id integer NOT NULL,
    facture_id integer NOT NULL,
    produit_id integer,
    description text NOT NULL,
    quantite integer NOT NULL,
    prix_unitaire numeric(10,2) NOT NULL,
    sous_total numeric(10,2) NOT NULL,
    CONSTRAINT lignes_facture_prix_unitaire_check CHECK ((prix_unitaire >= (0)::numeric)),
    CONSTRAINT lignes_facture_quantite_check CHECK ((quantite > 0)),
    CONSTRAINT lignes_facture_sous_total_check CHECK ((sous_total >= (0)::numeric))
);


ALTER TABLE public.lignes_facture OWNER TO dan;

--
-- Name: lignes_facture_id_seq; Type: SEQUENCE; Schema: public; Owner: dan
--

CREATE SEQUENCE public.lignes_facture_id_seq
    AS integer
    START WITH 1
    INCREMENT BY 1
    NO MINVALUE
    NO MAXVALUE
    CACHE 1;


ALTER TABLE public.lignes_facture_id_seq OWNER TO dan;

--
-- Name: lignes_facture_id_seq; Type: SEQUENCE OWNED BY; Schema: public; Owner: dan
--

ALTER SEQUENCE public.lignes_facture_id_seq OWNED BY public.lignes_facture.id;


--
-- Name: lignes_facture_id_seq1; Type: SEQUENCE; Schema: public; Owner: dan
--

ALTER TABLE public.lignes_facture ALTER COLUMN id ADD GENERATED BY DEFAULT AS IDENTITY (
    SEQUENCE NAME public.lignes_facture_id_seq1
    START WITH 1
    INCREMENT BY 1
    NO MINVALUE
    NO MAXVALUE
    CACHE 1
);


--
-- Name: ordonnances; Type: TABLE; Schema: public; Owner: dan
--

CREATE TABLE public.ordonnances (
    id integer NOT NULL,
    consultation_id integer NOT NULL,
    veterinaire_id integer,
    medicament character varying(255) NOT NULL,
    dosage character varying(100),
    frequence character varying(100),
    duree character varying(50),
    consignes text,
    date_emission timestamp without time zone DEFAULT CURRENT_TIMESTAMP NOT NULL
);


ALTER TABLE public.ordonnances OWNER TO dan;

--
-- Name: ordonnances_id_seq; Type: SEQUENCE; Schema: public; Owner: dan
--

CREATE SEQUENCE public.ordonnances_id_seq
    AS integer
    START WITH 1
    INCREMENT BY 1
    NO MINVALUE
    NO MAXVALUE
    CACHE 1;


ALTER TABLE public.ordonnances_id_seq OWNER TO dan;

--
-- Name: ordonnances_id_seq; Type: SEQUENCE OWNED BY; Schema: public; Owner: dan
--

ALTER SEQUENCE public.ordonnances_id_seq OWNED BY public.ordonnances.id;


--
-- Name: ordonnances_id_seq1; Type: SEQUENCE; Schema: public; Owner: dan
--

ALTER TABLE public.ordonnances ALTER COLUMN id ADD GENERATED BY DEFAULT AS IDENTITY (
    SEQUENCE NAME public.ordonnances_id_seq1
    START WITH 1
    INCREMENT BY 1
    NO MINVALUE
    NO MAXVALUE
    CACHE 1
);


--
-- Name: produits; Type: TABLE; Schema: public; Owner: dan
--

CREATE TABLE public.produits (
    id integer NOT NULL,
    nom character varying(255) NOT NULL,
    categorie character varying(100),
    prix_unitaire numeric(10,2) NOT NULL,
    quantite_stock integer NOT NULL,
    seuil_alerte integer NOT NULL,
    description text,
    CONSTRAINT produits_prix_unitaire_check CHECK ((prix_unitaire >= (0)::numeric)),
    CONSTRAINT produits_quantite_stock_check CHECK ((quantite_stock >= 0)),
    CONSTRAINT produits_seuil_alerte_check CHECK ((seuil_alerte >= 0))
);


ALTER TABLE public.produits OWNER TO dan;

--
-- Name: produits_id_seq; Type: SEQUENCE; Schema: public; Owner: dan
--

CREATE SEQUENCE public.produits_id_seq
    AS integer
    START WITH 1
    INCREMENT BY 1
    NO MINVALUE
    NO MAXVALUE
    CACHE 1;


ALTER TABLE public.produits_id_seq OWNER TO dan;

--
-- Name: produits_id_seq; Type: SEQUENCE OWNED BY; Schema: public; Owner: dan
--

ALTER SEQUENCE public.produits_id_seq OWNED BY public.produits.id;


--
-- Name: produits_id_seq1; Type: SEQUENCE; Schema: public; Owner: dan
--

ALTER TABLE public.produits ALTER COLUMN id ADD GENERATED BY DEFAULT AS IDENTITY (
    SEQUENCE NAME public.produits_id_seq1
    START WITH 1
    INCREMENT BY 1
    NO MINVALUE
    NO MAXVALUE
    CACHE 1
);


--
-- Name: proprietaires; Type: TABLE; Schema: public; Owner: dan
--

CREATE TABLE public.proprietaires (
    id integer NOT NULL,
    nom character varying(100) NOT NULL,
    prenom character varying(100) NOT NULL,
    telephone character varying(20),
    email character varying(255),
    adresse text,
    cree_le timestamp without time zone DEFAULT CURRENT_TIMESTAMP NOT NULL
);


ALTER TABLE public.proprietaires OWNER TO dan;

--
-- Name: proprietaires_id_seq; Type: SEQUENCE; Schema: public; Owner: dan
--

CREATE SEQUENCE public.proprietaires_id_seq
    AS integer
    START WITH 1
    INCREMENT BY 1
    NO MINVALUE
    NO MAXVALUE
    CACHE 1;


ALTER TABLE public.proprietaires_id_seq OWNER TO dan;

--
-- Name: proprietaires_id_seq; Type: SEQUENCE OWNED BY; Schema: public; Owner: dan
--

ALTER SEQUENCE public.proprietaires_id_seq OWNED BY public.proprietaires.id;


--
-- Name: proprietaires_id_seq1; Type: SEQUENCE; Schema: public; Owner: dan
--

ALTER TABLE public.proprietaires ALTER COLUMN id ADD GENERATED BY DEFAULT AS IDENTITY (
    SEQUENCE NAME public.proprietaires_id_seq1
    START WITH 1
    INCREMENT BY 1
    NO MINVALUE
    NO MAXVALUE
    CACHE 1
);


--
-- Name: rendez_vous; Type: TABLE; Schema: public; Owner: dan
--

CREATE TABLE public.rendez_vous (
    id integer NOT NULL,
    animal_id integer NOT NULL,
    proprietaire_id integer NOT NULL,
    veterinaire_id integer,
    motif text NOT NULL,
    date_heure_debut timestamp without time zone NOT NULL,
    date_heure_fin timestamp without time zone NOT NULL,
    statut character varying(20) NOT NULL,
    notes text,
    CONSTRAINT chk_date_fin CHECK ((date_heure_fin > date_heure_debut)),
    CONSTRAINT rendez_vous_statut_check CHECK (((statut)::text = ANY ((ARRAY['prevu'::character varying, 'arrive'::character varying, 'termine'::character varying, 'annule'::character varying])::text[])))
);


ALTER TABLE public.rendez_vous OWNER TO dan;

--
-- Name: rendez_vous_id_seq; Type: SEQUENCE; Schema: public; Owner: dan
--

CREATE SEQUENCE public.rendez_vous_id_seq
    AS integer
    START WITH 1
    INCREMENT BY 1
    NO MINVALUE
    NO MAXVALUE
    CACHE 1;


ALTER TABLE public.rendez_vous_id_seq OWNER TO dan;

--
-- Name: rendez_vous_id_seq; Type: SEQUENCE OWNED BY; Schema: public; Owner: dan
--

ALTER SEQUENCE public.rendez_vous_id_seq OWNED BY public.rendez_vous.id;


--
-- Name: rendez_vous_id_seq1; Type: SEQUENCE; Schema: public; Owner: dan
--

ALTER TABLE public.rendez_vous ALTER COLUMN id ADD GENERATED BY DEFAULT AS IDENTITY (
    SEQUENCE NAME public.rendez_vous_id_seq1
    START WITH 1
    INCREMENT BY 1
    NO MINVALUE
    NO MAXVALUE
    CACHE 1
);


--
-- Name: utilisateurs; Type: TABLE; Schema: public; Owner: dan
--

CREATE TABLE public.utilisateurs (
    id integer NOT NULL,
    nom character varying(100) NOT NULL,
    prenom character varying(100) NOT NULL,
    email character varying(255) NOT NULL,
    mot_de_passe character varying(255) NOT NULL,
    role character varying(20) NOT NULL,
    actif boolean NOT NULL,
    cree_le timestamp without time zone DEFAULT CURRENT_TIMESTAMP NOT NULL,
    description text,
    icon character varying(100) DEFAULT NULL::character varying,
    CONSTRAINT utilisateurs_role_check CHECK (((role)::text = ANY ((ARRAY['directeur'::character varying, 'veterinaire'::character varying, 'accueil'::character varying])::text[])))
);


ALTER TABLE public.utilisateurs OWNER TO dan;

--
-- Name: utilisateurs_id_seq; Type: SEQUENCE; Schema: public; Owner: dan
--

CREATE SEQUENCE public.utilisateurs_id_seq
    AS integer
    START WITH 1
    INCREMENT BY 1
    NO MINVALUE
    NO MAXVALUE
    CACHE 1;


ALTER TABLE public.utilisateurs_id_seq OWNER TO dan;

--
-- Name: utilisateurs_id_seq; Type: SEQUENCE OWNED BY; Schema: public; Owner: dan
--

ALTER SEQUENCE public.utilisateurs_id_seq OWNED BY public.utilisateurs.id;


--
-- Name: utilisateurs_id_seq1; Type: SEQUENCE; Schema: public; Owner: dan
--

ALTER TABLE public.utilisateurs ALTER COLUMN id ADD GENERATED BY DEFAULT AS IDENTITY (
    SEQUENCE NAME public.utilisateurs_id_seq1
    START WITH 1
    INCREMENT BY 1
    NO MINVALUE
    NO MAXVALUE
    CACHE 1
);


--
-- Name: vaccinations; Type: TABLE; Schema: public; Owner: dan
--

CREATE TABLE public.vaccinations (
    id integer NOT NULL,
    animal_id integer NOT NULL,
    veterinaire_id integer,
    type_vaccin character varying(100) NOT NULL,
    date_vaccination date NOT NULL,
    date_rappel date,
    statut character varying(50)
);


ALTER TABLE public.vaccinations OWNER TO dan;

--
-- Name: vaccinations_id_seq; Type: SEQUENCE; Schema: public; Owner: dan
--

CREATE SEQUENCE public.vaccinations_id_seq
    AS integer
    START WITH 1
    INCREMENT BY 1
    NO MINVALUE
    NO MAXVALUE
    CACHE 1;


ALTER TABLE public.vaccinations_id_seq OWNER TO dan;

--
-- Name: vaccinations_id_seq; Type: SEQUENCE OWNED BY; Schema: public; Owner: dan
--

ALTER SEQUENCE public.vaccinations_id_seq OWNED BY public.vaccinations.id;


--
-- Name: vaccinations_id_seq1; Type: SEQUENCE; Schema: public; Owner: dan
--

ALTER TABLE public.vaccinations ALTER COLUMN id ADD GENERATED BY DEFAULT AS IDENTITY (
    SEQUENCE NAME public.vaccinations_id_seq1
    START WITH 1
    INCREMENT BY 1
    NO MINVALUE
    NO MAXVALUE
    CACHE 1
);


--
-- Data for Name: animaux; Type: TABLE DATA; Schema: public; Owner: dan
--

COPY public.animaux (id, proprietaire_id, nom, espece, race, sexe, date_naissance, poids, allergies, comportement, alerte_risque) FROM stdin;
1	1	Naya	Chien	Berger Allemand	F	2019-03-15	28.50	\N	Calme	\N
2	2	Gab	Chat	Européen	M	2020-07-22	4.20	Amoxicilline	Nerveux	Morsures possibles
3	3	Nova	Chien	Labrador	F	2021-01-10	24.00	\N	Joueur	\N
4	4	Luna	Chat	Persan	F	2018-11-05	3.80	\N	Craintif	\N
5	1	Max	Chien	Golden Retriever	M	2022-05-20	32.00	\N	Très énergique	\N
6	4	Rocky	Chien	Bouledogue Français	M	2020-09-30	12.50	\N	Agressif	Urgence : mordeur
\.


--
-- Data for Name: consultations; Type: TABLE DATA; Schema: public; Owner: dan
--

COPY public.consultations (id, animal_id, veterinaire_id, rendez_vous_id, motif, observations, diagnostic, actes_realises, date_consultation) FROM stdin;
1	5	2	1	Consultation annuelle	Animal en bonne santé, poil brillant	RAS	Examen clinique complet, pesée	2026-01-17 09:00:00
2	4	2	2	Vaccin rappel	Légère sensibilité au point d'injection	Réaction normale au vaccin	Injection vaccin typhus/leucose	2026-01-17 09:30:00
3	6	3	3	Urgence - blessure patte	Plaie profonde membre antérieur gauche	Lacération cutanée	Nettoyage, suture, bandage	2026-01-17 10:05:00
4	1	2	\N	Chirurgie stérilisation	Intervention sans complication	Stérilisation réalisée	Ovariectomie, anesthésie générale	2025-12-12 08:30:00
\.


--
-- Data for Name: factures; Type: TABLE DATA; Schema: public; Owner: dan
--

COPY public.factures (id, proprietaire_id, consultation_id, montant_total, montant_paye, statut, mode_paiement, date_facture, notes) FROM stdin;
1	4	4	480.00	480.00	paye	carte	2026-05-12 09:49:38.023896	Chirurgie stérilisation Naya
2	2	1	95.00	95.00	paye	espèces	2026-05-12 09:49:38.023896	Consultation + vaccin Gab
3	3	\N	160.00	0.00	impaye	\N	2026-05-12 09:49:38.023896	Facture traitement Rocky
4	1	3	95.00	50.00	partiel	carte	2026-05-12 09:49:38.023896	Paiement partiel reçu
\.


--
-- Data for Name: lignes_facture; Type: TABLE DATA; Schema: public; Owner: dan
--

COPY public.lignes_facture (id, facture_id, produit_id, description, quantite, prix_unitaire, sous_total) FROM stdin;
1	1	\N	Consultation chirurgie	1	120.00	120.00
2	1	1	Carprodyl 50g	1	80.00	80.00
3	1	\N	Hospitalisation 24h	1	280.00	280.00
4	2	\N	Consultation annuelle	1	55.00	55.00
5	2	\N	Injection vaccin	1	40.00	40.00
6	3	\N	Consultation urgence	1	80.00	80.00
7	3	1	Carprodyl 50mg x5	5	12.50	62.50
8	3	\N	Suture	1	17.50	17.50
9	4	\N	Consultation	1	55.00	55.00
10	4	3	Metacam 1mg/ml	1	40.00	40.00
\.


--
-- Data for Name: ordonnances; Type: TABLE DATA; Schema: public; Owner: dan
--

COPY public.ordonnances (id, consultation_id, veterinaire_id, medicament, dosage, frequence, duree, consignes, date_emission) FROM stdin;
1	3	3	Carprodyl 50mg	1 comprimé	1 fois par jour	7 jours	Donner avec la nourriture	2026-05-12 09:49:38.02295
2	3	3	Amoxicilline 200mg	2 comprimés	2 fois par jour	10 jours	Terminer le traitement complet	2026-05-12 09:49:38.02295
3	4	2	Metacam 1mg/ml	0.5 ml	1 fois par jour	5 jours	Mélanger dans la pâtée	2026-05-12 09:49:38.02295
\.


--
-- Data for Name: produits; Type: TABLE DATA; Schema: public; Owner: dan
--

COPY public.produits (id, nom, categorie, prix_unitaire, quantite_stock, seuil_alerte, description) FROM stdin;
1	Carprodyl 50mg	Médicament	12.50	45	10	Anti-inflammatoire pour chien
2	Amoxicilline 200mg	Médicament	8.90	8	10	Antibiotique à large spectre
3	Metacam 1mg/ml	Médicament	18.00	22	5	Anti-douleur, AINS
4	Vermifuge Milbemax	Médicament	9.50	3	10	Antiparasitaire interne chien
5	Collier antiparasitaire Seresto	Accessoire	34.90	15	5	Protection 8 mois
6	Aliment Hill's prescription	Alimentation	52.00	20	5	Nourriture vétérinaire digestive
\.


--
-- Data for Name: proprietaires; Type: TABLE DATA; Schema: public; Owner: dan
--

COPY public.proprietaires (id, nom, prenom, telephone, email, adresse, cree_le) FROM stdin;
1	Dupont	Laura	06 11 22 33 44	laura.dupont@mail.com	12 rue des Lilas, Montluçon	2026-05-12 09:49:38.020056
2	Garcia	Michel	06 55 66 77 88	michel.garcia@mail.com	4 avenue Gambetta, Montluçon	2026-05-12 09:49:38.020056
3	Roux	Camille	06 99 88 77 66	camille.roux@mail.com	8 impasse des Roses, Vichy	2026-05-12 09:49:38.020056
4	Bernard	Marie	07 12 34 56 78	marie.bernard@mail.com	23 chemin du Moulin, Moulins	2026-05-12 09:49:38.020056
\.


--
-- Data for Name: rendez_vous; Type: TABLE DATA; Schema: public; Owner: dan
--

COPY public.rendez_vous (id, animal_id, proprietaire_id, veterinaire_id, motif, date_heure_debut, date_heure_fin, statut, notes) FROM stdin;
1	5	1	2	Consultation annuelle	2026-01-17 09:00:00	2026-01-17 09:30:00	termine	\N
2	4	4	2	Vaccin rappel	2026-01-17 09:30:00	2026-01-17 10:00:00	termine	\N
3	6	4	3	Urgence - blessure patte	2026-01-17 10:00:00	2026-01-17 10:45:00	termine	Animal agressif, prévoir muselière
4	1	1	2	Contrôle post-opératoire	2026-01-24 14:00:00	2026-01-24 14:30:00	prevu	\N
\.


--
-- Data for Name: utilisateurs; Type: TABLE DATA; Schema: public; Owner: dan
--

COPY public.utilisateurs (id, nom, prenom, email, mot_de_passe, role, actif, cree_le, description, icon) FROM stdin;
2	Martin	Sophie	sophie.martin@clinique-etangs.fr	$2y$13$P/TSgzrb3NVTdhwFV.VBu.9JKXlKiBtkvw7zSkcx7oYbeAPnydUlm	veterinaire	t	2026-05-12 09:49:38.019522	Dossiers patients, consultations, ordonnances	stethoscope
1	Lannes	Michel	michel.lannes@clinique-etangs.fr	$2y$13$owLZU3KcMjjmxtO/OVadeuZt9gcYgzgTJIGQu5yy5tOlOvoU1ZPbe	directeur	t	2026-05-12 09:49:38.019522	Vision globale, KPIs, rentabilite, paiements	briefcase
3	Dupont	Julie	julie.dupont@clinique-etangs.fr	$2y$13$B0GScr6nyroZ6WEOQFAbO.yxNJ1rfPr/sdhpUPrbjNXxMk5mhXjVm	accueil	t	2026-05-12 09:49:38.019522	Accueil, RDV, facturation, inventaire	headset
\.


--
-- Data for Name: vaccinations; Type: TABLE DATA; Schema: public; Owner: dan
--

COPY public.vaccinations (id, animal_id, veterinaire_id, type_vaccin, date_vaccination, date_rappel, statut) FROM stdin;
1	5	2	Vaccin CHPPiL	2025-01-10	2026-01-10	rappel requis
2	4	2	Vaccin typhus/leucose	2026-01-17	2027-01-17	à jour
3	1	2	Vaccin CHPPiL	2025-06-15	2026-06-15	à jour
4	3	3	Vaccin rage	2025-03-20	2026-03-20	à jour
\.


--
-- Name: animaux_id_seq; Type: SEQUENCE SET; Schema: public; Owner: dan
--

SELECT pg_catalog.setval('public.animaux_id_seq', 6, true);


--
-- Name: animaux_id_seq1; Type: SEQUENCE SET; Schema: public; Owner: dan
--

SELECT pg_catalog.setval('public.animaux_id_seq1', 1, false);


--
-- Name: consultations_id_seq; Type: SEQUENCE SET; Schema: public; Owner: dan
--

SELECT pg_catalog.setval('public.consultations_id_seq', 4, true);


--
-- Name: consultations_id_seq1; Type: SEQUENCE SET; Schema: public; Owner: dan
--

SELECT pg_catalog.setval('public.consultations_id_seq1', 1, false);


--
-- Name: factures_id_seq; Type: SEQUENCE SET; Schema: public; Owner: dan
--

SELECT pg_catalog.setval('public.factures_id_seq', 4, true);


--
-- Name: factures_id_seq1; Type: SEQUENCE SET; Schema: public; Owner: dan
--

SELECT pg_catalog.setval('public.factures_id_seq1', 1, false);


--
-- Name: lignes_facture_id_seq; Type: SEQUENCE SET; Schema: public; Owner: dan
--

SELECT pg_catalog.setval('public.lignes_facture_id_seq', 10, true);


--
-- Name: lignes_facture_id_seq1; Type: SEQUENCE SET; Schema: public; Owner: dan
--

SELECT pg_catalog.setval('public.lignes_facture_id_seq1', 1, false);


--
-- Name: ordonnances_id_seq; Type: SEQUENCE SET; Schema: public; Owner: dan
--

SELECT pg_catalog.setval('public.ordonnances_id_seq', 3, true);


--
-- Name: ordonnances_id_seq1; Type: SEQUENCE SET; Schema: public; Owner: dan
--

SELECT pg_catalog.setval('public.ordonnances_id_seq1', 1, false);


--
-- Name: produits_id_seq; Type: SEQUENCE SET; Schema: public; Owner: dan
--

SELECT pg_catalog.setval('public.produits_id_seq', 6, true);


--
-- Name: produits_id_seq1; Type: SEQUENCE SET; Schema: public; Owner: dan
--

SELECT pg_catalog.setval('public.produits_id_seq1', 1, false);


--
-- Name: proprietaires_id_seq; Type: SEQUENCE SET; Schema: public; Owner: dan
--

SELECT pg_catalog.setval('public.proprietaires_id_seq', 4, true);


--
-- Name: proprietaires_id_seq1; Type: SEQUENCE SET; Schema: public; Owner: dan
--

SELECT pg_catalog.setval('public.proprietaires_id_seq1', 1, false);


--
-- Name: rendez_vous_id_seq; Type: SEQUENCE SET; Schema: public; Owner: dan
--

SELECT pg_catalog.setval('public.rendez_vous_id_seq', 4, true);


--
-- Name: rendez_vous_id_seq1; Type: SEQUENCE SET; Schema: public; Owner: dan
--

SELECT pg_catalog.setval('public.rendez_vous_id_seq1', 1, false);


--
-- Name: utilisateurs_id_seq; Type: SEQUENCE SET; Schema: public; Owner: dan
--

SELECT pg_catalog.setval('public.utilisateurs_id_seq', 3, true);


--
-- Name: utilisateurs_id_seq1; Type: SEQUENCE SET; Schema: public; Owner: dan
--

SELECT pg_catalog.setval('public.utilisateurs_id_seq1', 1, false);


--
-- Name: vaccinations_id_seq; Type: SEQUENCE SET; Schema: public; Owner: dan
--

SELECT pg_catalog.setval('public.vaccinations_id_seq', 4, true);


--
-- Name: vaccinations_id_seq1; Type: SEQUENCE SET; Schema: public; Owner: dan
--

SELECT pg_catalog.setval('public.vaccinations_id_seq1', 1, false);


--
-- Name: animaux animaux_pkey; Type: CONSTRAINT; Schema: public; Owner: dan
--

ALTER TABLE ONLY public.animaux
    ADD CONSTRAINT animaux_pkey PRIMARY KEY (id);


--
-- Name: consultations consultations_pkey; Type: CONSTRAINT; Schema: public; Owner: dan
--

ALTER TABLE ONLY public.consultations
    ADD CONSTRAINT consultations_pkey PRIMARY KEY (id);


--
-- Name: factures factures_pkey; Type: CONSTRAINT; Schema: public; Owner: dan
--

ALTER TABLE ONLY public.factures
    ADD CONSTRAINT factures_pkey PRIMARY KEY (id);


--
-- Name: lignes_facture lignes_facture_pkey; Type: CONSTRAINT; Schema: public; Owner: dan
--

ALTER TABLE ONLY public.lignes_facture
    ADD CONSTRAINT lignes_facture_pkey PRIMARY KEY (id);


--
-- Name: ordonnances ordonnances_pkey; Type: CONSTRAINT; Schema: public; Owner: dan
--

ALTER TABLE ONLY public.ordonnances
    ADD CONSTRAINT ordonnances_pkey PRIMARY KEY (id);


--
-- Name: produits produits_pkey; Type: CONSTRAINT; Schema: public; Owner: dan
--

ALTER TABLE ONLY public.produits
    ADD CONSTRAINT produits_pkey PRIMARY KEY (id);


--
-- Name: proprietaires proprietaires_pkey; Type: CONSTRAINT; Schema: public; Owner: dan
--

ALTER TABLE ONLY public.proprietaires
    ADD CONSTRAINT proprietaires_pkey PRIMARY KEY (id);


--
-- Name: rendez_vous rendez_vous_pkey; Type: CONSTRAINT; Schema: public; Owner: dan
--

ALTER TABLE ONLY public.rendez_vous
    ADD CONSTRAINT rendez_vous_pkey PRIMARY KEY (id);


--
-- Name: utilisateurs uniq_497b315ee7927c74; Type: CONSTRAINT; Schema: public; Owner: dan
--

ALTER TABLE ONLY public.utilisateurs
    ADD CONSTRAINT uniq_497b315ee7927c74 UNIQUE (email);


--
-- Name: utilisateurs utilisateurs_pkey; Type: CONSTRAINT; Schema: public; Owner: dan
--

ALTER TABLE ONLY public.utilisateurs
    ADD CONSTRAINT utilisateurs_pkey PRIMARY KEY (id);


--
-- Name: vaccinations vaccinations_pkey; Type: CONSTRAINT; Schema: public; Owner: dan
--

ALTER TABLE ONLY public.vaccinations
    ADD CONSTRAINT vaccinations_pkey PRIMARY KEY (id);


--
-- Name: idx_242d8f535c80924; Type: INDEX; Schema: public; Owner: dan
--

CREATE INDEX idx_242d8f535c80924 ON public.consultations USING btree (veterinaire_id);


--
-- Name: idx_242d8f538e962c16; Type: INDEX; Schema: public; Owner: dan
--

CREATE INDEX idx_242d8f538e962c16 ON public.consultations USING btree (animal_id);


--
-- Name: idx_5f98a94a5c80924; Type: INDEX; Schema: public; Owner: dan
--

CREATE INDEX idx_5f98a94a5c80924 ON public.ordonnances USING btree (veterinaire_id);


--
-- Name: idx_5f98a94a62ff6cdf; Type: INDEX; Schema: public; Owner: dan
--

CREATE INDEX idx_5f98a94a62ff6cdf ON public.ordonnances USING btree (consultation_id);


--
-- Name: idx_647590b62ff6cdf; Type: INDEX; Schema: public; Owner: dan
--

CREATE INDEX idx_647590b62ff6cdf ON public.factures USING btree (consultation_id);


--
-- Name: idx_647590b76c50e4a; Type: INDEX; Schema: public; Owner: dan
--

CREATE INDEX idx_647590b76c50e4a ON public.factures USING btree (proprietaire_id);


--
-- Name: idx_65e8aa0a5c80924; Type: INDEX; Schema: public; Owner: dan
--

CREATE INDEX idx_65e8aa0a5c80924 ON public.rendez_vous USING btree (veterinaire_id);


--
-- Name: idx_65e8aa0a76c50e4a; Type: INDEX; Schema: public; Owner: dan
--

CREATE INDEX idx_65e8aa0a76c50e4a ON public.rendez_vous USING btree (proprietaire_id);


--
-- Name: idx_65e8aa0a8e962c16; Type: INDEX; Schema: public; Owner: dan
--

CREATE INDEX idx_65e8aa0a8e962c16 ON public.rendez_vous USING btree (animal_id);


--
-- Name: idx_92c6ed725c80924; Type: INDEX; Schema: public; Owner: dan
--

CREATE INDEX idx_92c6ed725c80924 ON public.vaccinations USING btree (veterinaire_id);


--
-- Name: idx_92c6ed728e962c16; Type: INDEX; Schema: public; Owner: dan
--

CREATE INDEX idx_92c6ed728e962c16 ON public.vaccinations USING btree (animal_id);


--
-- Name: idx_9abe194d76c50e4a; Type: INDEX; Schema: public; Owner: dan
--

CREATE INDEX idx_9abe194d76c50e4a ON public.animaux USING btree (proprietaire_id);


--
-- Name: idx_b191e5ec7f2dee08; Type: INDEX; Schema: public; Owner: dan
--

CREATE INDEX idx_b191e5ec7f2dee08 ON public.lignes_facture USING btree (facture_id);


--
-- Name: idx_b191e5ecf347efb; Type: INDEX; Schema: public; Owner: dan
--

CREATE INDEX idx_b191e5ecf347efb ON public.lignes_facture USING btree (produit_id);


--
-- Name: uniq_242d8f5391ef7eaa; Type: INDEX; Schema: public; Owner: dan
--

CREATE UNIQUE INDEX uniq_242d8f5391ef7eaa ON public.consultations USING btree (rendez_vous_id);


--
-- Name: animaux animaux_proprietaire_id_fkey; Type: FK CONSTRAINT; Schema: public; Owner: dan
--

ALTER TABLE ONLY public.animaux
    ADD CONSTRAINT animaux_proprietaire_id_fkey FOREIGN KEY (proprietaire_id) REFERENCES public.proprietaires(id) ON DELETE CASCADE;


--
-- Name: consultations consultations_animal_id_fkey; Type: FK CONSTRAINT; Schema: public; Owner: dan
--

ALTER TABLE ONLY public.consultations
    ADD CONSTRAINT consultations_animal_id_fkey FOREIGN KEY (animal_id) REFERENCES public.animaux(id) ON DELETE CASCADE;


--
-- Name: consultations consultations_rendez_vous_id_fkey; Type: FK CONSTRAINT; Schema: public; Owner: dan
--

ALTER TABLE ONLY public.consultations
    ADD CONSTRAINT consultations_rendez_vous_id_fkey FOREIGN KEY (rendez_vous_id) REFERENCES public.rendez_vous(id) ON DELETE SET NULL;


--
-- Name: consultations consultations_veterinaire_id_fkey; Type: FK CONSTRAINT; Schema: public; Owner: dan
--

ALTER TABLE ONLY public.consultations
    ADD CONSTRAINT consultations_veterinaire_id_fkey FOREIGN KEY (veterinaire_id) REFERENCES public.utilisateurs(id) ON DELETE SET NULL;


--
-- Name: factures factures_consultation_id_fkey; Type: FK CONSTRAINT; Schema: public; Owner: dan
--

ALTER TABLE ONLY public.factures
    ADD CONSTRAINT factures_consultation_id_fkey FOREIGN KEY (consultation_id) REFERENCES public.consultations(id) ON DELETE SET NULL;


--
-- Name: factures factures_proprietaire_id_fkey; Type: FK CONSTRAINT; Schema: public; Owner: dan
--

ALTER TABLE ONLY public.factures
    ADD CONSTRAINT factures_proprietaire_id_fkey FOREIGN KEY (proprietaire_id) REFERENCES public.proprietaires(id) ON DELETE CASCADE;


--
-- Name: lignes_facture lignes_facture_facture_id_fkey; Type: FK CONSTRAINT; Schema: public; Owner: dan
--

ALTER TABLE ONLY public.lignes_facture
    ADD CONSTRAINT lignes_facture_facture_id_fkey FOREIGN KEY (facture_id) REFERENCES public.factures(id) ON DELETE CASCADE;


--
-- Name: lignes_facture lignes_facture_produit_id_fkey; Type: FK CONSTRAINT; Schema: public; Owner: dan
--

ALTER TABLE ONLY public.lignes_facture
    ADD CONSTRAINT lignes_facture_produit_id_fkey FOREIGN KEY (produit_id) REFERENCES public.produits(id) ON DELETE SET NULL;


--
-- Name: ordonnances ordonnances_consultation_id_fkey; Type: FK CONSTRAINT; Schema: public; Owner: dan
--

ALTER TABLE ONLY public.ordonnances
    ADD CONSTRAINT ordonnances_consultation_id_fkey FOREIGN KEY (consultation_id) REFERENCES public.consultations(id) ON DELETE CASCADE;


--
-- Name: ordonnances ordonnances_veterinaire_id_fkey; Type: FK CONSTRAINT; Schema: public; Owner: dan
--

ALTER TABLE ONLY public.ordonnances
    ADD CONSTRAINT ordonnances_veterinaire_id_fkey FOREIGN KEY (veterinaire_id) REFERENCES public.utilisateurs(id) ON DELETE SET NULL;


--
-- Name: rendez_vous rendez_vous_animal_id_fkey; Type: FK CONSTRAINT; Schema: public; Owner: dan
--

ALTER TABLE ONLY public.rendez_vous
    ADD CONSTRAINT rendez_vous_animal_id_fkey FOREIGN KEY (animal_id) REFERENCES public.animaux(id) ON DELETE CASCADE;


--
-- Name: rendez_vous rendez_vous_proprietaire_id_fkey; Type: FK CONSTRAINT; Schema: public; Owner: dan
--

ALTER TABLE ONLY public.rendez_vous
    ADD CONSTRAINT rendez_vous_proprietaire_id_fkey FOREIGN KEY (proprietaire_id) REFERENCES public.proprietaires(id) ON DELETE CASCADE;


--
-- Name: rendez_vous rendez_vous_veterinaire_id_fkey; Type: FK CONSTRAINT; Schema: public; Owner: dan
--

ALTER TABLE ONLY public.rendez_vous
    ADD CONSTRAINT rendez_vous_veterinaire_id_fkey FOREIGN KEY (veterinaire_id) REFERENCES public.utilisateurs(id) ON DELETE SET NULL;


--
-- Name: vaccinations vaccinations_animal_id_fkey; Type: FK CONSTRAINT; Schema: public; Owner: dan
--

ALTER TABLE ONLY public.vaccinations
    ADD CONSTRAINT vaccinations_animal_id_fkey FOREIGN KEY (animal_id) REFERENCES public.animaux(id) ON DELETE CASCADE;


--
-- Name: vaccinations vaccinations_veterinaire_id_fkey; Type: FK CONSTRAINT; Schema: public; Owner: dan
--

ALTER TABLE ONLY public.vaccinations
    ADD CONSTRAINT vaccinations_veterinaire_id_fkey FOREIGN KEY (veterinaire_id) REFERENCES public.utilisateurs(id) ON DELETE SET NULL;


--
-- PostgreSQL database dump complete
--

\unrestrict HCHO81NwunALucYCrx8eZJIflivo6YvRTuD6cjwctzOdhmQ6I8eqMRJIHPrP5dK
